{"loss": [3.409332513809204], "accuracy": [0.11352040618658066], "val_loss": [3.288092613220215], "val_accuracy": [0.1484375]}