{"loss": [3.396726369857788], "accuracy": [0.14190050959587097], "val_loss": [3.2671401500701904], "val_accuracy": [0.1497395783662796]}